{"timestamp": "2025-11-01T11:20:42", "level": "INFO", "logger": "assistant.monitoring.otel_instrumentation", "message": "OpenTelemetry not installed; skipping instrumentation"}
{"timestamp": "2025-11-01T11:20:42", "level": "INFO", "logger": "assistant.monitoring.otel_instrumentation", "message": "OpenTelemetry not installed; skipping instrumentation"}
--- Loading settings for environment: 'development' ---
{
  "DJANGO_SETTINGS_MODULE": "easy_islanders.settings.development",
  "DATABASES.default": {
    "NAME": "easy_islanders",
    "USER": "easy_user",
    "PASSWORD": "easy_pass",
    "HOST": "127.0.0.1",
    "PORT": 5432,
    "CONN_MAX_AGE": 600,
    "CONN_HEALTH_CHECKS": true,
    "DISABLE_SERVER_SIDE_CURSORS": false,
    "ENGINE": "django.db.backends.postgresql",
    "ATOMIC_REQUESTS": false,
    "AUTOCOMMIT": true,
    "OPTIONS": {},
    "TIME_ZONE": null,
    "TEST": {
      "CHARSET": null,
      "COLLATION": null,
      "MIGRATE": true,
      "MIRROR": null,
      "NAME": null
    }
  },
  "CORS_ALLOWED_ORIGINS": [
    "http://127.0.0.1:3000",
    "http://127.0.0.1:8000",
    "http://localhost:3000",
    "http://localhost:8000"
  ],
  "ALLOWED_HOSTS": [
    "127.0.0.1",
    "localhost",
    "[::1]"
  ],
  "CHANNEL_LAYERS": {
    "default": {
      "BACKEND": "channels_redis.core.RedisChannelLayer",
      "CONFIG": {
        "hosts": [
          "redis://127.0.0.1:6379/0"
        ]
      }
    }
  },
  "CELERY": {
    "BROKER_URL": "redis://localhost:6379/1",
    "RESULT_BACKEND": "redis://localhost:6379/2",
    "TASK_SOFT_TIME_LIMIT": 45,
    "TASK_TIME_LIMIT": 60
  }
}
